Name,Industry,Emissions,Profits Generated,Initial Investment Capital,Emission Reduction Goal,Transition Risk,Previous Investments,Market Size,Disaster Susceptibility,Initial Setup Cost,Emission Reduction Percent,Bias,Profit over Emissions,Policy Percent,X,Invest,X_scaled,desirability,EmissionsPerRupee,ROI
Aditya Bio Resources,Electronics,54.92647,2429754.70200,4072469.05800,8.77419,610870.35870,5969514.68100,1.00000,1.00000,4490438.77600,0.84026,1.00000,44236.49917,0.15000,2318.98808,FALSE,0.48962,High,0.00000,0.00818
Aditya Renew Innovations,Agriculture,71.54742,6659778.37700,9299985.03100,16.43300,1394997.75500,199630.58700,1.00000,0.00000,1607364.65400,0.77032,1.00000,93082.02296,0.15000,2020.85103,FALSE,0.46918,High,0.00000,0.01351
Aditya Sustain Concepts,Energy,60.31606,3155270.23200,1086187.80900,34.03342,162928.17140,4810679.33900,1.00000,0.00000,2370924.06100,0.43575,1.00000,52312.27248,0.15000,428.47522,FALSE,0.36004,Medium,0.00003,0.11109
Aditya Sustain Systems,Electronics,54.53383,975640.45320,9458485.18100,3.20722,1418772.77700,7116826.87000,1.00000,2.00000,2573835.52000,0.94119,1.00000,17890.55442,0.15000,4785.74848,FALSE,0.65870,Great,0.00000,-0.01382
Aditya Renew Systems,Fashion,42.42311,-728533.98770,8707936.45200,30.38211,870793.64520,535356.77700,0.00000,2.00000,702197.60690,0.28383,2.00000,-17173.04345,0.10000,-71.93250,FALSE,0.32574,Medium,0.00000,-0.02215
Aditya Green Resources,Steel,646.24822,-260254.05390,4596207.72900,23.90844,459620.77290,8807262.68200,1.00000,0.00000,3564461.51300,0.96300,2.00000,-402.71531,0.10000,-5.34408,FALSE,0.33030,Medium,0.00001,-0.02094
Ambani Renew Innovations,Electronics,43.81496,6473320.50800,3334338.73000,14.23580,500150.80940,5248806.02500,2.00000,1.00000,4152381.72600,0.67509,1.00000,147742.23580,0.15000,3904.43456,FALSE,0.59829,High,0.00000,0.06813
Aditya Eco Systems,Steel,89.18812,3990665.29000,2404166.88000,11.95874,240416.68800,403544.37840,2.00000,2.00000,289546.38450,0.86592,2.00000,44744.35795,0.10000,587.97818,FALSE,0.37097,Medium,0.00000,0.05558
Aditya Bio Dynamics,Electronics,96.36991,4902371.32200,6183200.59400,25.74991,927480.08910,2321694.75800,2.00000,2.00000,1456944.10300,0.73280,1.00000,50870.35293,0.15000,604.05836,FALSE,0.37207,Medium,0.00000,0.01693
Aditya Pure Systems,Steel,52.93660,1385866.82800,4345077.65300,16.90700,434507.76530,1163978.42100,2.00000,0.00000,3335844.10400,0.68062,2.00000,26179.74640,0.10000,217.43814,FALSE,0.34557,Medium,0.00000,-0.00420
Ambani Bio Resources,Electronics,92.56710,1896546.14400,2594215.78400,6.71530,389132.36750,4621365.89600,2.00000,2.00000,2657471.39200,0.92745,1.00000,20488.33828,0.15000,1600.05424,FALSE,0.44034,Medium,0.00000,0.01417
Aditya Earth Systems,Steel,7.19650,-772839.00590,2289493.06200,4.88536,228949.30620,307405.68580,2.00000,1.00000,4010342.61900,0.32115,2.00000,-107390.92170,0.10000,-4824.18967,FALSE,0.00000,Low,0.00000,-0.03347
Aditya Pure Concepts,Agriculture,87.01421,8141533.00800,6222954.56900,49.96394,933443.18540,7557077.18400,0.00000,0.00000,1797265.75500,0.42580,1.00000,93565.55291,0.15000,470.99886,FALSE,0.36295,Medium,0.00001,0.03991
Aditya Global Innovations,Fashion,97.86397,5918800.28000,9745136.50700,17.62706,974513.65070,2434758.81900,2.00000,2.00000,4501837.25800,0.81988,2.00000,60479.86951,0.10000,479.31959,FALSE,0.36352,Medium,0.00000,0.00866
Vishal Bio Resources,Energy,79.93594,8599157.21000,9904415.51500,36.08426,1485662.32700,6242949.01300,2.00000,1.00000,4916374.32500,0.54859,1.00000,107575.60550,0.15000,825.47756,FALSE,0.38725,Medium,0.00000,0.02029
Aditya Clean Systems,Steel,46.20179,2008962.38300,4149635.54400,31.89726,414963.55440,6432260.20500,2.00000,0.00000,152132.57670,0.30961,2.00000,43482.35117,0.10000,160.79065,FALSE,0.34169,Medium,0.00001,0.00317
Ambani Pure Systems,Agriculture,11.91562,1041995.38700,6423741.39800,10.72405,963561.20970,7804934.05600,0.00000,0.00000,561249.96290,0.10000,1.00000,87447.88874,0.15000,3435.35603,FALSE,0.56614,High,0.00000,-0.01119
Ambani Renew Power,Agriculture,64.02811,9480708.22700,4954022.93100,44.49519,743103.43960,8498618.17100,0.00000,1.00000,211820.23550,0.30507,1.00000,148071.03040,0.15000,870.08511,FALSE,0.39030,Medium,0.00001,0.06690
Aditya Pure Resources,Fashion,14.42099,6562371.04000,9895156.79500,12.97889,989515.67950,4955157.09400,2.00000,1.00000,1138704.96700,0.10000,2.00000,455056.79480,0.10000,5381.91221,FALSE,0.69956,Great,0.00000,0.01115
Vishal Renew Innovations,Fashion,94.47242,1370584.44800,746511.65080,34.92751,74651.16508,1934951.01100,1.00000,2.00000,2233966.60200,0.63029,2.00000,14507.77252,0.10000,42.42271,FALSE,0.33357,Medium,0.00005,0.06343
Bright Bio Resources,Steel,522.32647,9421076.49500,7854020.93900,16.80813,785402.09390,9958571.40000,0.00000,2.00000,4184951.82600,0.96782,2.00000,18036.75857,0.10000,150.43129,FALSE,0.34098,Medium,0.00000,0.03506
Aditya Global Concepts,Steel,26.52911,1793358.06900,2490044.33900,3.17867,249004.43390,4767427.46200,2.00000,2.00000,2469726.27800,0.88018,2.00000,67599.64291,0.10000,5747.64826,FALSE,0.72463,Great,0.00000,0.01369
Aditya Bio Industries,Agriculture,77.44595,1346431.75100,6658795.25800,12.13299,998819.28870,774121.68250,0.00000,2.00000,4648093.69700,0.84334,1.00000,17385.43885,0.15000,571.57961,FALSE,0.36984,Medium,0.00000,-0.00940
Aditya Sustain Power,Agriculture,45.66942,4700207.85300,2536025.53100,21.64246,380403.82970,9444123.48800,2.00000,1.00000,3336073.53400,0.52611,1.00000,102918.05850,0.15000,1542.07471,FALSE,0.43636,Medium,0.00001,0.06421
Ambani Renew Systems,Steel,56.88655,-717710.10140,6692005.26400,26.12371,669200.52640,9652756.91400,1.00000,2.00000,3990395.09900,0.54078,2.00000,-12616.51625,0.10000,-64.24933,FALSE,0.32626,Medium,0.00000,-0.02320
Aditya Earth Resources,Agriculture,61.80179,3671540.15600,4298480.98600,47.93911,644772.14780,3564929.15200,2.00000,2.00000,4902332.29400,0.22431,1.00000,59408.31786,0.15000,311.89274,FALSE,0.35204,Medium,0.00001,0.01966
Aditya Nature Innovations,Fashion,61.24836,3115869.78400,5591409.30600,5.91016,559140.93060,2618385.77100,0.00000,2.00000,2943310.77300,0.90351,2.00000,50872.70331,0.10000,1741.45354,FALSE,0.45003,High,0.00000,0.00643
Bright Renew Innovations,Electronics,61.73171,4099329.66800,2941810.04700,5.39486,441271.50710,2726502.91300,1.00000,1.00000,227553.56980,0.91261,1.00000,66405.57850,0.15000,7302.25611,FALSE,0.83119,Great,0.00000,0.04371
Aditya Nature Systems,Fashion,94.38043,2053915.76900,7095089.59200,29.50525,709508.95920,1360210.85200,0.00000,1.00000,989913.99970,0.68738,2.00000,21762.09308,0.10000,87.34868,FALSE,0.33665,Medium,0.00000,-0.00551
Aditya Pure Solutions,Agriculture,68.21385,5454627.81100,4207083.00600,37.28263,631062.45100,5305508.63500,2.00000,0.00000,2023868.14500,0.45344,1.00000,79963.64346,0.15000,586.65270,FALSE,0.37088,Medium,0.00001,0.03938
Aditya Bio Concepts,Agriculture,36.01484,8502411.66500,3669401.04900,32.41336,550410.15730,1503991.02900,2.00000,2.00000,3006385.86300,0.10000,1.00000,236080.78890,0.15000,2088.12181,FALSE,0.47379,High,0.00001,0.08488
Ambani Nature Systems,Agriculture,43.75949,292850.41560,8303703.45400,39.38354,1245555.51800,3235633.59900,1.00000,2.00000,3859654.33700,0.10000,1.00000,6692.27180,0.15000,39.88671,FALSE,0.33340,Medium,0.00000,-0.01685
Aditya Bio Power,Agriculture,69.79336,4691170.17900,9257172.42800,49.17214,1388575.86400,6304394.11200,2.00000,1.00000,2065430.63000,0.29546,1.00000,67215.13932,0.15000,343.31777,FALSE,0.35420,Medium,0.00001,0.00417
Aditya Earth Solutions,Fashion,6.11652,452749.16980,555472.37780,5.50487,55547.23778,7302681.73500,0.00000,1.00000,3550291.52500,0.10000,2.00000,74020.65687,0.10000,2795.81315,FALSE,0.52230,High,0.00001,0.01792
Aditya Pure Industries,Agriculture,66.70999,6885456.49300,2403007.22900,19.04774,360451.08440,340299.77580,1.00000,1.00000,3949347.51600,0.71447,1.00000,103214.76570,0.15000,1834.26236,FALSE,0.45639,High,0.00001,0.10933
Aditya Renew Dynamics,Fashion,67.09672,3356656.73100,3550341.75800,7.43304,355034.17580,4358148.24500,2.00000,2.00000,1586300.98600,0.88922,2.00000,50027.13355,0.10000,1245.59839,FALSE,0.41604,Medium,0.00000,0.02373
Ambani Green Concepts,Steel,21.11722,5219634.43000,8168168.14600,19.00550,816816.81460,6556033.48900,0.00000,0.00000,4896351.20000,0.10000,2.00000,247174.34220,0.10000,1785.00130,FALSE,0.45302,High,0.00000,0.01007
Aditya Eco Concepts,Fashion,12.97974,1016078.19800,9856365.13400,11.68176,985636.51340,8547135.16400,0.00000,0.00000,3248282.47600,0.10000,2.00000,78281.87796,0.10000,1061.78841,FALSE,0.40344,Medium,0.00000,-0.01382
Ambani Bio Industries,Agriculture,31.61129,593325.35280,9692819.87600,28.45016,1453922.98100,4805715.34400,1.00000,1.00000,4404990.30400,0.10000,1.00000,18769.41151,0.15000,192.32078,FALSE,0.34385,Medium,0.00000,-0.01569
Aditya Nature Solutions,Steel,570.62657,2911740.11600,3035907.02400,24.91396,303590.70240,2729762.22100,0.00000,1.00000,3708015.53600,0.95634,2.00000,5102.70683,0.10000,22.48771,FALSE,0.33221,Medium,0.00001,0.02434
Aditya Pure Power,Steel,43.91629,9344751.39800,9920911.31000,29.07504,992091.13100,233736.19560,1.00000,1.00000,3852720.30800,0.33794,2.00000,212785.53230,0.10000,897.32501,FALSE,0.39217,Medium,0.00000,0.02358
Aditya Sustain Tech,Electronics,98.83855,7418577.79200,2569258.40600,12.11577,385388.76100,4889153.36100,0.00000,0.00000,4541241.89600,0.87742,1.00000,75057.53636,0.15000,2479.88095,FALSE,0.50065,High,0.00000,0.11031
Aditya Sustain Industries,Electronics,20.96679,8940917.13700,9514430.84900,18.87011,1427164.62700,8254804.95300,0.00000,1.00000,2791417.12100,0.10000,1.00000,426432.37320,0.15000,7689.70688,FALSE,0.85774,Great,0.00000,0.02348
Ambani Nature Solutions,Electronics,16.21482,-82353.21014,2410860.52900,2.97382,361629.07940,2404449.45500,2.00000,0.00000,2141892.56600,0.81660,1.00000,-5078.88499,0.15000,-1568.40386,FALSE,0.22316,Low,0.00000,-0.01994
Aditya Sustain Energy,Fashion,65.34552,5074117.16900,6928705.82400,23.55751,692870.58240,3175229.26100,0.00000,1.00000,4615795.10600,0.63949,2.00000,77650.57247,0.10000,424.76960,FALSE,0.35978,Medium,0.00000,0.01423
Ambani Eco Concepts,Electronics,46.68445,9581300.16400,7334020.08100,22.88009,1100103.01200,7179918.19500,0.00000,2.00000,4912869.44300,0.50990,1.00000,205235.38230,0.15000,2861.48269,FALSE,0.52680,High,0.00000,0.03983
Ambani Green Systems,Steel,24.51812,2213622.79500,8829030.10200,22.06630,882903.01020,5624707.24300,0.00000,2.00000,4377256.62000,0.10000,2.00000,90285.18899,0.10000,537.47793,FALSE,0.36751,Medium,0.00000,-0.00724
Aditya Renew Energy,Agriculture,15.98106,1649116.57900,2797125.26500,14.38296,419568.78980,7078985.81300,1.00000,0.00000,369131.40780,0.10000,1.00000,103191.93060,0.15000,2688.81359,FALSE,0.51497,High,0.00001,0.00787
Vishal Eco Concepts,Energy,11.12648,103233.36490,3852663.27100,10.01383,577899.49070,4244504.94900,2.00000,1.00000,2454831.92800,0.10000,1.00000,9278.17211,0.15000,400.00882,FALSE,0.35808,Medium,0.00000,-0.01722
Ambani Pure Solutions,Electronics,65.66733,-819274.07450,3805532.21500,5.90991,570829.83220,152569.47140,0.00000,0.00000,3587797.50100,0.91000,1.00000,-12476.12968,0.15000,-1190.06223,FALSE,0.24910,Low,0.00000,-0.02802
Aditya Pure Dynamics,Electronics,19.73858,6369082.01300,2454291.70100,17.76472,368143.75520,5161095.69700,0.00000,1.00000,4532470.62600,0.10000,1.00000,322671.77680,0.15000,6308.40982,FALSE,0.76307,Great,0.00001,0.09728
Aditya Earth Industries,Energy,82.11722,2099031.16300,4547987.32200,33.58560,682198.09830,605647.25370,0.00000,1.00000,1554651.90200,0.59100,1.00000,25561.39954,0.15000,211.19997,FALSE,0.34514,Medium,0.00001,0.00216
Aditya Green Energy,Steel,83.81070,-296492.07270,8407972.31000,35.70266,840797.23100,8604126.13300,2.00000,0.00000,3508928.81500,0.57401,2.00000,-3537.64001,0.10000,-15.59462,FALSE,0.32960,Medium,0.00000,-0.01999
Aditya Bio Energy,Fashion,9.70023,4341903.55500,2453644.07800,8.73021,245364.40780,1605069.54900,0.00000,2.00000,692184.20680,0.10000,2.00000,447608.26610,0.10000,8962.54150,FALSE,0.94499,Great,0.00000,0.06047
Aditya Global Tech,Energy,97.64830,9752446.53700,5073655.62900,19.98810,761048.34440,106575.76400,2.00000,1.00000,969953.98800,0.79531,1.00000,99873.18245,0.15000,1665.05892,FALSE,0.44479,Medium,0.00000,0.06728
Ambani Clean Solutions,Steel,46.91826,8641557.69800,9431577.63700,21.61642,943157.76370,9422511.17400,2.00000,2.00000,2405212.24100,0.53927,2.00000,184183.27130,0.10000,1128.64664,FALSE,0.40803,Medium,0.00000,0.02243
Vishal Green Systems,Steel,97.67843,2719748.47000,6376577.20800,30.74566,637657.72080,2855420.45300,1.00000,0.00000,1491228.99400,0.68524,2.00000,27843.89957,0.10000,106.62644,FALSE,0.33797,Medium,0.00000,0.00060
Aditya Eco Energy,Electronics,73.95243,1548717.89100,9408075.92500,41.12922,1411211.38900,6945930.26800,1.00000,1.00000,2931386.60800,0.44384,1.00000,20942.08207,0.15000,130.51561,FALSE,0.33961,Medium,0.00000,-0.01108
Ambani Renew Concepts,Energy,28.35242,9355154.75200,7025793.09600,25.51717,1053868.96400,2720031.02000,1.00000,1.00000,4244165.12800,0.10000,1.00000,329959.70770,0.15000,3987.38173,FALSE,0.60397,Great,0.00000,0.04095
Ambani Pure Industries,Steel,31.86652,2223223.13000,801610.80400,20.29841,80161.08040,4039394.28700,0.00000,0.00000,2072282.67400,0.36302,2.00000,69766.73813,0.10000,459.38909,FALSE,0.36215,Medium,0.00003,0.10523
Vishal Renew Systems,Energy,41.48487,8338379.10800,2998660.91100,16.08610,449799.13670,7767559.45300,2.00000,0.00000,637494.40880,0.61224,1.00000,200998.06210,0.15000,4495.33784,FALSE,0.63879,Great,0.00001,0.10555
Aditya Eco Power,Agriculture,69.27796,-854394.56470,4233115.11000,36.87585,634967.26660,9676644.24000,1.00000,1.00000,298789.58980,0.46771,1.00000,-12332.84736,0.15000,-98.30802,FALSE,0.32393,Medium,0.00001,-0.02742
Aditya Nature Industries,Electronics,56.70349,2819568.69700,1399764.35200,5.53373,209964.65280,8625117.78000,1.00000,2.00000,1751356.03700,0.90241,1.00000,49724.78647,0.15000,5250.09754,FALSE,0.69053,Great,0.00000,0.07139
Vishal Earth Solutions,Steel,26.61241,629549.47040,6080766.26000,23.95117,608076.62600,6214804.12700,0.00000,0.00000,4598689.90400,0.10000,2.00000,23656.23658,0.10000,124.48420,FALSE,0.33920,Medium,0.00000,-0.01380
Aditya Renew Tech,Fashion,52.37248,9800123.28800,3889799.78600,35.17571,388979.97860,524771.28500,2.00000,1.00000,4803832.36700,0.32836,2.00000,187123.52720,0.10000,620.57667,FALSE,0.37320,Medium,0.00001,0.09391
Ambani Eco Energy,Agriculture,57.63705,4471305.02000,9681167.25100,47.95916,1452175.08800,9141514.97500,0.00000,1.00000,3443241.58500,0.16791,1.00000,77576.91693,0.15000,410.38742,FALSE,0.35880,Medium,0.00000,0.00217
Aditya Eco Innovations,Agriculture,92.93669,6034197.68000,5514160.52700,5.20974,827124.07900,5293312.96800,1.00000,0.00000,212272.44360,0.94394,1.00000,64928.04587,0.15000,7549.97178,FALSE,0.84817,Great,0.00000,0.03037
Ambani Green Resources,Fashion,31.92504,3054430.66700,2820753.34200,28.73253,282075.33420,3606825.73600,1.00000,2.00000,2572401.70500,0.10000,2.00000,95675.08217,0.10000,407.18814,FALSE,0.35858,Medium,0.00001,0.02986
Aditya Clean Dynamics,Fashion,66.77430,505902.98850,5963081.14600,1.50805,596308.11460,1290745.71500,2.00000,1.00000,2734340.89400,0.97742,2.00000,7576.31322,0.10000,2274.78047,FALSE,0.48659,High,0.00000,-0.01464
Ambani Sustain Industries,Agriculture,71.66109,1088327.03100,4126660.12400,20.24197,618999.01860,8861716.32700,1.00000,0.00000,342984.17380,0.71753,1.00000,15187.14083,0.15000,246.32879,FALSE,0.34755,Medium,0.00000,-0.00666
Aditya Clean Innovations,Energy,29.01167,4624508.80800,5565574.93900,26.23298,834836.24090,1092492.26600,2.00000,0.00000,1144537.99900,0.09578,1.00000,159401.68280,0.15000,1855.77718,FALSE,0.45787,High,0.00000,0.01863
Aditya Pure Tech,Agriculture,18.40082,1467487.31900,2789362.39900,18.28674,418404.35990,7613947.09200,2.00000,0.00000,1789919.68400,0.00620,1.00000,79751.20418,0.15000,1497.26405,FALSE,0.43329,Medium,0.00001,0.00504
Aditya Bio Tech,Energy,58.69264,76289.32943,4608897.08000,9.56882,691334.56190,268898.81400,0.00000,2.00000,2175709.93300,0.83697,1.00000,1299.81079,0.15000,58.23766,FALSE,0.33466,Medium,0.00000,-0.01768
Ambani Pure Concepts,Steel,82.91111,9702114.37900,2559293.30400,25.93158,255929.33040,6189074.40400,1.00000,1.00000,3611957.59300,0.68724,2.00000,117018.26820,0.10000,567.40907,FALSE,0.36956,Medium,0.00001,0.15059
Vishal Bio Industries,Energy,678.13872,8972110.49100,3172770.17700,18.69214,475915.52660,3029903.35300,2.00000,2.00000,1644768.80000,0.97244,1.00000,13230.49433,0.15000,238.40790,FALSE,0.34701,Medium,0.00001,0.10765
Vishal Renew Energy,Electronics,73.54588,2664596.67200,5297207.37800,4.07257,794581.10670,2732465.71100,0.00000,2.00000,204374.30050,0.94463,1.00000,36230.39891,0.15000,6334.42863,FALSE,0.76485,Great,0.00000,0.00401
Aditya Global Solutions,Energy,96.22264,-107884.71010,7530890.72700,4.31128,1129633.60900,8298651.47100,1.00000,1.00000,1289108.47200,0.95519,1.00000,-1121.19887,0.15000,-178.79176,FALSE,0.31841,Medium,0.00000,-0.01906
Ambani Global Solutions,Fashion,249.50439,3479652.88600,3401723.91100,11.10875,340172.39110,9852575.92500,2.00000,2.00000,3701224.98800,0.95548,2.00000,13946.25914,0.10000,200.23227,FALSE,0.34439,Medium,0.00000,0.02719
Bright Renew Energy,Steel,57.65812,1554575.56400,9249171.79000,5.04570,924917.17900,7855626.79100,0.00000,1.00000,3141569.15200,0.91249,2.00000,26961.95481,0.10000,1154.92540,FALSE,0.40983,Medium,0.00000,-0.01093
Ambani Nature Innovations,Electronics,59.24499,457363.98230,8636953.61400,13.28873,1295543.04200,5238000.21200,2.00000,1.00000,3848945.10300,0.77570,1.00000,7719.87624,0.15000,222.12723,FALSE,0.34589,Medium,0.00000,-0.01606
Aditya Earth Power,Energy,57.26797,-412301.00030,582033.93020,3.35417,87305.08952,754135.21210,1.00000,2.00000,3844597.18100,0.94143,1.00000,-7199.50495,0.15000,-1780.72576,FALSE,0.20861,Low,0.00001,-0.05000
Ambani Clean Industries,Fashion,95.27963,-874297.95510,4516741.57500,42.82100,451674.15750,4438733.87500,0.00000,2.00000,3601596.33000,0.55058,2.00000,-9176.12704,0.10000,-29.15611,FALSE,0.32867,Medium,0.00001,-0.02705
Ambani Green Innovations,Agriculture,84.65623,616413.09940,3549912.29100,28.00614,532486.84370,4293517.60300,2.00000,0.00000,4494126.09700,0.66918,1.00000,7281.36755,0.15000,72.55195,FALSE,0.33564,Medium,0.00001,-0.01068
Bright Bio Industries,Electronics,69.97798,-125257.09150,7426965.50400,38.68410,1114044.82600,3641803.05200,2.00000,1.00000,2933585.83100,0.44720,1.00000,-1789.95010,0.15000,-18.85575,FALSE,0.32937,Medium,0.00001,-0.01917
Aditya Green Industries,Steel,29.81395,-14366.62338,6837093.36300,22.84766,683709.33630,1720474.18500,0.00000,0.00000,2940788.35200,0.23366,2.00000,-481.87586,0.10000,-5.47403,FALSE,0.33029,Medium,0.00000,-0.01851
Vishal Sustain Industries,Agriculture,81.39840,6392525.88100,6261605.84300,7.71078,939240.87640,4469604.01900,2.00000,0.00000,171335.20180,0.90527,1.00000,78533.80053,0.15000,4985.03380,FALSE,0.67236,Great,0.00000,0.02710
Vishal Global Power,Steel,39.71092,1699039.30800,7134231.18700,10.01983,713423.11870,2701719.56800,2.00000,0.00000,4992632.88900,0.74768,2.00000,42785.18750,0.10000,710.51654,FALSE,0.37937,Medium,0.00000,-0.00780
Aditya Nature Energy,Electronics,88.12221,3625934.13300,2128744.50100,21.67756,319311.67510,5268417.96500,0.00000,1.00000,657879.98680,0.75401,1.00000,41146.65484,0.15000,613.45838,FALSE,0.37271,Medium,0.00001,0.05752
Ambani Bio Innovations,Agriculture,58.16916,5131056.70500,3482811.33700,26.43529,522421.70060,448084.59120,0.00000,2.00000,3701735.98300,0.54554,1.00000,88209.22817,0.15000,1013.93477,FALSE,0.40016,Medium,0.00001,0.04726
Bright Sustain Industries,Steel,88.18536,8466062.91200,6794800.57500,17.50454,679480.05750,9071691.05600,1.00000,0.00000,4105075.97600,0.80150,2.00000,96003.04016,0.10000,768.88691,FALSE,0.38337,Medium,0.00000,0.03713
Aditya Green Power,Electronics,69.28391,6997486.89000,8804424.15400,39.08491,1320663.62300,8182006.62500,0.00000,1.00000,1865272.64700,0.43587,1.00000,100997.29230,0.15000,698.84476,FALSE,0.37857,Medium,0.00000,0.01701
Vishal Renew Concepts,Fashion,72.55290,1973606.95800,5482412.73300,37.56353,548241.27330,5570555.19200,2.00000,1.00000,984260.27330,0.48226,2.00000,27202.31566,0.10000,79.89578,FALSE,0.33614,Medium,0.00001,-0.00237
Aditya Green Solutions,Electronics,50.18231,446310.79220,2898726.54400,46.36423,434808.98170,8532904.96900,2.00000,2.00000,493799.43400,0.07608,1.00000,8893.78807,0.15000,42.87448,FALSE,0.33360,Medium,0.00002,-0.01155
Bright Eco Concepts,Fashion,64.43462,2317584.97900,7132334.60700,44.78978,713233.46070,1194170.71100,1.00000,0.00000,2263267.64600,0.30488,2.00000,35968.00830,0.10000,84.52715,FALSE,0.33646,Medium,0.00001,-0.00393
Aditya Eco Dynamics,Energy,60.67868,4017546.23500,3789522.79100,43.92471,568428.41870,9980140.60900,1.00000,2.00000,4577038.24400,0.27611,1.00000,66210.17623,0.15000,390.71382,FALSE,0.35745,Medium,0.00001,0.02885
Ambani Sustain Resources,Fashion,30.22732,6651879.90200,9228903.47100,27.20459,922890.34710,6072897.62400,1.00000,1.00000,4595855.00400,0.10000,2.00000,220061.81760,0.10000,1008.80154,FALSE,0.39981,Medium,0.00000,0.01372
Vishal Nature Innovations,Steel,66.05134,2118707.31200,985995.99580,37.97616,98599.59958,1367406.61700,1.00000,1.00000,2058132.29800,0.42505,2.00000,32076.67593,0.10000,91.64763,FALSE,0.33695,Medium,0.00004,0.07738
Aditya Earth Innovations,Steel,61.83974,992660.57910,340700.67710,25.07811,34070.06771,120439.89220,1.00000,1.00000,4715311.30300,0.59447,2.00000,16052.14636,0.10000,65.39708,FALSE,0.33515,Medium,0.00007,0.11148
Aditya Eco Industries,Steel,42.93399,7674000.63500,3491848.74500,18.85064,349184.87450,2069222.21300,2.00000,1.00000,4953258.46300,0.56094,2.00000,178739.50360,0.10000,1302.85071,FALSE,0.41997,Medium,0.00001,0.07956
Ambani Eco Dynamics,Steel,13.63386,-374671.15920,6260087.48300,12.27047,626008.74830,9565619.28000,0.00000,2.00000,994461.08880,0.10000,2.00000,-27480.93249,0.10000,-351.28566,FALSE,0.30659,Medium,0.00000,-0.02109
Ambani Pure Power,Energy,29.89840,6666969.65900,2862772.68700,13.08218,429415.90310,3371361.66900,0.00000,1.00000,3284191.73500,0.56245,1.00000,222987.47380,0.15000,6626.01054,FALSE,0.78483,Great,0.00000,0.08541
Vishal Pure Power,Agriculture,57.03949,7565649.35500,2176524.50200,24.82372,326478.67520,6420062.04700,0.00000,1.00000,532476.56890,0.56480,1.00000,132638.78670,0.15000,1659.65633,FALSE,0.44442,Medium,0.00001,0.13655
Vishal Pure Concepts,Steel,65.35476,3111944.51700,6983173.05800,26.24277,698317.30580,7312731.42600,2.00000,2.00000,3422492.73300,0.59846,2.00000,47616.18628,0.10000,225.95168,FALSE,0.34615,Medium,0.00000,0.00145
Ambani Pure Innovations,Steel,65.24512,5463595.98700,6752375.69200,5.91315,675237.56920,3363546.46000,0.00000,1.00000,2086665.71000,0.90937,2.00000,83739.53892,0.10000,2865.44077,FALSE,0.52707,High,0.00000,0.01766
Ambani Green Power,Fashion,43.19870,2001040.92700,9493724.10500,8.03427,949372.41050,7938438.07000,1.00000,2.00000,1915331.79800,0.81402,2.00000,46321.78394,0.10000,1037.13071,FALSE,0.40175,Medium,0.00000,-0.00902
Aditya Nature Resources,Fashion,36.81943,1167597.08200,6507246.87400,33.13749,650724.68740,3983957.50700,1.00000,1.00000,2948559.09000,0.10000,2.00000,31711.43758,0.10000,110.32570,FALSE,0.33823,Medium,0.00001,-0.01042
Ambani Pure Dynamics,Electronics,89.20314,-509264.68620,5928522.13900,8.97007,889278.32080,6868891.82800,1.00000,0.00000,4645330.78600,0.89944,1.00000,-5709.04419,0.15000,-292.23197,FALSE,0.31064,Medium,0.00000,-0.02225
Adani Global Power,Fashion,80.63878,7797754.73000,9631426.16600,30.66269,963142.61660,1114218.19000,2.00000,2.00000,267648.10100,0.61975,2.00000,96699.81091,0.10000,379.98595,FALSE,0.35671,Medium,0.00000,0.01768
Ambani Sustain Power,Agriculture,70.41847,-153479.08310,267029.56640,4.11441,40054.43495,4030555.74000,0.00000,0.00000,908111.97320,0.94157,1.00000,-2179.52881,0.15000,-378.51911,FALSE,0.30472,Medium,0.00002,-0.04404
Vishal Nature Solutions,Fashion,10.11267,4707186.63700,6995176.06400,9.10140,699517.60640,2838832.32900,2.00000,2.00000,561121.57910,0.10000,2.00000,465474.34840,0.10000,8812.00876,FALSE,0.93467,Great,0.00000,0.01158
Bright Pure Concepts,Steel,91.95631,2374911.09500,8155418.63200,35.99503,815541.86320,5112794.90100,2.00000,1.00000,966673.20380,0.60856,2.00000,25826.51495,0.10000,80.17038,FALSE,0.33616,Medium,0.00000,-0.00544
Aditya Nature Power,Steel,714.52706,5352972.43700,5147091.24700,48.32118,514709.12470,3563987.03700,1.00000,2.00000,1733039.05300,0.93237,2.00000,7491.63013,0.10000,11.79001,FALSE,0.33147,Medium,0.00001,0.02795
Aditya Renew Industries,Steel,99.88482,9553766.74900,3406252.20900,25.40640,340625.22090,7093464.71900,2.00000,2.00000,2532658.41300,0.74564,2.00000,95647.83854,0.10000,475.91301,FALSE,0.36329,Medium,0.00001,0.10663
Vishal Green Innovations,Fashion,86.82579,-611013.20670,1062704.96400,27.49755,106270.49640,6376470.52100,0.00000,0.00000,3660711.09600,0.68330,2.00000,-7037.23150,0.10000,-38.12689,FALSE,0.32805,Medium,0.00003,-0.04405
Ambani Sustain Energy,Steel,16.33304,3734426.83500,4476152.81400,14.69974,447615.28140,2382655.76800,1.00000,0.00000,4450557.70700,0.10000,2.00000,228642.42540,0.10000,2297.78535,FALSE,0.48816,High,0.00000,0.01878
Vishal Sustain Tech,Energy,61.59440,4610185.37600,5247528.50800,26.06203,787129.27620,2760219.38500,2.00000,0.00000,4945442.18600,0.57688,1.00000,74847.47542,0.15000,875.96866,FALSE,0.39071,Medium,0.00000,0.02075
Ambani Bio Concepts,Steel,80.75116,2053557.07500,2354819.06500,18.62734,235481.90650,3233847.07900,2.00000,1.00000,3890194.23500,0.76932,2.00000,25430.68080,0.10000,185.16933,FALSE,0.34336,Medium,0.00001,0.02046
Ambani Earth Dynamics,Fashion,40.77761,3319432.44200,6270617.26300,12.42187,627061.72630,1129509.29600,0.00000,2.00000,4378461.35100,0.69538,2.00000,81403.30757,0.10000,1017.98349,FALSE,0.40044,Medium,0.00000,0.00518
Ambani Nature Industries,Agriculture,69.77313,1058439.80900,6226379.06600,42.94593,933956.85980,7535219.76500,2.00000,1.00000,1836.71876,0.38449,1.00000,15169.73285,0.15000,87.50304,FALSE,0.33666,Medium,0.00001,-0.01084
Aditya Eco Solutions,Agriculture,72.23335,4981865.45100,9807743.31500,22.25714,1471161.49700,4317423.63800,1.00000,1.00000,2310487.64800,0.69187,1.00000,68969.04475,0.15000,995.16114,FALSE,0.39888,Medium,0.00000,0.00423
Ambani Nature Resources,Energy,86.65159,4026025.63800,8730678.77400,16.83831,1309601.81600,8937800.92600,0.00000,0.00000,3191814.47500,0.80568,1.00000,46462.22228,0.15000,974.32261,FALSE,0.39745,Medium,0.00000,0.00214
Ambani Renew Dynamics,Agriculture,97.55460,8702455.51300,5076935.53500,44.03987,761540.33030,1125426.78800,2.00000,2.00000,508851.33270,0.54856,1.00000,89206.00012,0.15000,528.43844,FALSE,0.36689,Medium,0.00001,0.05800
Bright Pure Power,Energy,85.59475,4044643.57900,9231245.02000,47.25409,1384686.75300,279153.94620,2.00000,1.00000,3365050.66900,0.44793,1.00000,47253.40509,0.15000,251.91071,FALSE,0.34793,Medium,0.00001,0.00112
Vishal Sustain Resources,Fashion,36.06181,3389278.53900,9240730.07200,18.86823,924073.00720,4411762.25100,1.00000,2.00000,926564.59790,0.47678,2.00000,93985.26215,0.10000,684.00184,FALSE,0.37755,Medium,0.00000,-0.00207
Aditya Global Energy,Steel,73.02606,8944488.32200,8315983.94900,48.30906,831598.39490,8007023.56400,1.00000,1.00000,2075626.27400,0.33847,2.00000,122483.51710,0.10000,272.27066,FALSE,0.34933,Medium,0.00001,0.02953
Bright Clean Solutions,Steel,17.24580,6590275.22200,9686035.46200,15.52122,968603.54620,9242209.82800,1.00000,0.00000,2599924.95000,0.10000,2.00000,382137.87730,0.10000,3581.55579,FALSE,0.57616,High,0.00000,0.01192
Aditya Earth Concepts,Fashion,52.15156,6695842.59700,9205849.82700,33.80067,920584.98270,3061621.08100,1.00000,0.00000,2259035.09000,0.35188,2.00000,128391.99800,0.10000,447.11489,FALSE,0.36131,Medium,0.00000,0.01401
Vishal Eco Dynamics,Fashion,20.07965,7324565.07000,1830242.84100,10.86204,183024.28410,4914093.65500,1.00000,1.00000,4802611.99100,0.45905,2.00000,364775.48340,0.10000,5450.80526,FALSE,0.70428,Great,0.00001,0.16000
Nehru Global Power,Agriculture,79.39040,1640223.00700,9526212.70300,46.14169,1428931.90500,9840152.91400,2.00000,1.00000,389964.08940,0.41880,1.00000,20660.21831,0.15000,109.89299,FALSE,0.33820,Medium,0.00000,-0.01074
Ambani Clean Energy,Energy,22.47008,765927.04730,3070286.30300,14.73913,460542.94540,7003569.48300,1.00000,2.00000,4024677.86100,0.34406,1.00000,34086.53517,0.15000,856.04006,FALSE,0.38934,Medium,0.00000,-0.00730
Vishal Bio Dynamics,Steel,92.81532,9550832.63300,8874416.19400,24.72319,887441.61940,2711300.09600,0.00000,0.00000,1179851.92600,0.73363,2.00000,102901.46610,0.10000,530.88119,FALSE,0.36705,Medium,0.00000,0.02956
Aditya Clean Tech,Energy,70.47100,4039527.10000,4519304.71300,38.91967,677895.70700,9451794.61200,2.00000,2.00000,765484.48420,0.44772,1.00000,57321.83695,0.15000,396.23884,FALSE,0.35783,Medium,0.00001,0.02143
Aditya Clean Resources,Fashion,62.18569,4029457.98700,6645063.36400,21.37387,664506.33640,9261410.75000,1.00000,1.00000,3358449.28800,0.65629,2.00000,64797.18786,0.10000,400.99926,FALSE,0.35815,Medium,0.00000,0.00862
Vishal Renew Power,Steel,57.76514,9470619.24500,4458611.15300,42.15060,445861.11530,6680189.30700,0.00000,0.00000,2351606.41200,0.27031,2.00000,163950.43620,0.10000,433.83296,FALSE,0.36040,Medium,0.00001,0.07628
Adani Clean Solutions,Steel,93.42798,8028438.32800,6994985.13200,5.16557,699498.51320,2070010.30500,1.00000,2.00000,1201461.60000,0.94471,2.00000,85931.84254,0.10000,3561.27200,FALSE,0.57477,High,0.00000,0.03275
Bright Eco Dynamics,Energy,61.43520,8997280.90300,2549247.68000,7.86135,382387.15200,3738005.69000,2.00000,1.00000,3815701.15100,0.87204,1.00000,146451.56280,0.15000,9032.09464,FALSE,0.94976,Great,0.00000,0.13893
Bright Green Resources,Fashion,59.03201,753559.09790,693448.55270,3.81419,69344.85527,6530388.81900,2.00000,2.00000,2810330.55400,0.93539,2.00000,12765.26313,0.10000,819.13705,FALSE,0.38681,Medium,0.00001,0.03003
Ambani Clean Tech,Electronics,39.88228,-310157.52770,7424850.78700,28.43247,1113727.61800,8179892.44700,2.00000,0.00000,2144048.85100,0.28709,1.00000,-7776.82459,0.15000,-86.26134,FALSE,0.32475,Medium,0.00000,-0.02028
Vishal Nature Resources,Steel,21.06339,3664354.77100,8990817.33600,12.36552,899081.73360,9123363.66600,1.00000,1.00000,2775969.41200,0.41294,2.00000,173967.94530,0.10000,2191.18151,FALSE,0.48086,High,0.00000,-0.00025
Adani Pure Concepts,Agriculture,18.70068,1845524.73600,6758564.88200,16.83061,1013784.73200,2835737.81200,1.00000,1.00000,2084669.76100,0.10000,1.00000,98687.56691,0.15000,2074.09258,FALSE,0.47283,High,0.00000,-0.00624
Vishal Green Concepts,Fashion,94.44280,8339421.39300,5336505.29700,5.92041,533650.52970,3758283.04700,0.00000,0.00000,2002348.55100,0.93731,2.00000,88301.29176,0.10000,3016.31401,FALSE,0.53741,High,0.00000,0.05125
Ambani Green Industries,Agriculture,73.98112,-633649.10800,3114019.00700,48.79540,467102.85110,3860949.64700,2.00000,1.00000,3476732.34100,0.34043,1.00000,-8565.01051,0.15000,-53.58638,FALSE,0.32699,Medium,0.00002,-0.02749
Ambani Earth Innovations,Steel,49.09683,9548809.94000,9979826.28800,46.63143,997982.62880,5648460.82800,1.00000,1.00000,464256.06530,0.05022,2.00000,194489.31780,0.10000,455.09069,FALSE,0.36186,Medium,0.00000,0.02424
Aditya Bio Solutions,Agriculture,22.81872,2909057.33300,3685671.68300,19.62026,552850.75250,6715360.47200,2.00000,2.00000,832710.36360,0.14017,1.00000,127485.55410,0.15000,2179.76836,FALSE,0.48007,High,0.00001,0.01677
Ambani Eco Innovations,Agriculture,25.51021,2923775.79400,4759424.59700,12.14682,713913.68960,2938495.16200,1.00000,1.00000,4255992.35900,0.52384,1.00000,114611.97320,0.15000,3775.93742,FALSE,0.58948,High,0.00000,0.00897
Vishal Sustain Power,Steel,43.49822,1037555.57800,9797316.60000,24.19551,979731.66000,4052301.59800,1.00000,0.00000,1407268.63600,0.44376,2.00000,23852.82792,0.10000,124.50013,FALSE,0.33920,Medium,0.00000,-0.01370
